<?xml version="1.0" encoding="UTF-8"?>
<payment-processors xmlns="http://www.demandware.com/xml/impex/paymentprocessor/2007-03-31">
    <payment-processor processor-id="POWERBOARD">
        <description>PowerBoard Payment Processor</description>
        <preferences>
            <all-instances/>
            <development/>
            <staging/>
            <production/>
        </preferences>
    </payment-processor>

    <payment-processor processor-id="POWERBOARD_CHECKOUT_BUTTON">
        <description>PowerBoard Checkout Button Payment Processor</description>
        <preferences>
            <all-instances/>
            <development/>
            <staging/>
            <production/>
        </preferences>
    </payment-processor>

    <payment-processor processor-id="POWERBOARD_WALLET_BUTTONS">
        <description>PowerBoard Wallet Buttons Payment Processor</description>
        <preferences>
            <all-instances/>
            <development/>
            <staging/>
            <production/>
        </preferences>
    </payment-processor>
</payment-processors>
