<?xml version="1.0" encoding="UTF-8"?>
<preferences xmlns="http://www.demandware.com/xml/impex/preferences/2007-03-31">
    <standard-preferences>
        <all-instances>
            <preference preference-id="AccountNumberRetentionDays">0</preference>
            <preference preference-id="AddProductToBasketBehavior">IncrementQuantities</preference>
            <preference preference-id="CouponGeneratorIncludeDashes">true</preference>
            <preference preference-id="CouponGeneratorIncludeVowels">true</preference>
            <preference preference-id="EnableSiteOrderNumbers">false</preference>
            <preference preference-id="IntegrationOrderCenterIncludeSite">true</preference>
            <preference preference-id="OrderEditExportDelay">30</preference>
            <preference preference-id="OrderExportDelay">30</preference>
            <preference preference-id="OrderIPLoggingEnabled">true</preference>
            <preference preference-id="OrderLifetime">0</preference>
            <preference preference-id="SiteCatalog">storefront-catalog-m-en</preference>
            <preference preference-id="SiteCurrencies">USD:EUR:JPY:CNY</preference>
            <preference preference-id="SiteCustomerList">RefArch</preference>
            <preference preference-id="SiteDefaultLocale">en_US</preference>
            <preference preference-id="SiteInventoryList">inventory_m</preference>
            <preference preference-id="SiteLibrary">RefArchSharedLibrary</preference>
            <preference preference-id="SiteLocales">default:en_US</preference>
            <preference preference-id="SitePriceBooks">cny-m-list-prices:cny-m-sale-prices:eur-m-list-prices:eur-m-sale-prices:jpy-m-list-prices:jpy-m-sale-prices:usd-m-list-prices:usd-m-sale-prices</preference>
            <preference preference-id="SiteTimezone">Etc/UTC</preference>
            <preference preference-id="StorefrontURLsEnabled">true</preference>
        </all-instances>
        <development>
            <preference preference-id="AvailabilityFiltering">Disabled</preference>
            <preference preference-id="AvailabilityLowRankingThreshold">0.0</preference>
            <preference preference-id="ExternallyPublishProductIndex">false</preference>
            <preference preference-id="IncludePromotionIDInProductIndex">true</preference>
            <preference preference-id="MergedVariationGroupsDisplayMode">false</preference>
            <preference preference-id="RobotsTxtContent"/>
            <preference preference-id="RobotsTxtMode">Cartridge</preference>
            <preference preference-id="SearchSuggestions">Disabled</preference>
        </development>
        <staging>
            <preference preference-id="AvailabilityFiltering">Disabled</preference>
            <preference preference-id="AvailabilityLowRankingThreshold">0.0</preference>
            <preference preference-id="ExternallyPublishProductIndex">false</preference>
            <preference preference-id="IncludePromotionIDInProductIndex">true</preference>
            <preference preference-id="MergedVariationGroupsDisplayMode">false</preference>
            <preference preference-id="RobotsTxtContent"/>
            <preference preference-id="RobotsTxtMode">Cartridge</preference>
            <preference preference-id="SearchSuggestions">Enabled</preference>
        </staging>
        <production>
            <preference preference-id="AvailabilityFiltering">Disabled</preference>
            <preference preference-id="AvailabilityLowRankingThreshold">0.0</preference>
            <preference preference-id="ExternallyPublishProductIndex">false</preference>
            <preference preference-id="IncludePromotionIDInProductIndex">true</preference>
            <preference preference-id="MergedVariationGroupsDisplayMode">false</preference>
            <preference preference-id="RobotsTxtContent"/>
            <preference preference-id="RobotsTxtMode">Cartridge</preference>
            <preference preference-id="SearchSuggestions">Disabled</preference>
        </production>
    </standard-preferences>
    <custom-preferences>
        <all-instances/>
        <development>
            <preference preference-id="powerboard3DSFlow">vault</preference>
            <preference preference-id="powerboard3DSServiceID">65a916b91eeee71eb9f566fe</preference>
            <preference preference-id="powerboard3DSType">disabled3DS</preference>
            <preference preference-id="powerboardAPIToken">eyJhbGciOiJIUzI1NiIsInR5cCI6IkpXVCJ9.eyJpZCI6IjY2MGVlZGQzNWU3YTE3MmNhOWRjMjI3OCIsIm1ldGEiOm51bGwsImlhdCI6MTcxMjI1NDQxOX0.gdomO7UmH4XMYzi9RbtFg5bDcMQUtC3d2SUtf1alwaA</preference>
            <preference preference-id="powerboardBMChargeOperationsAll">false</preference>
            <preference preference-id="powerboardChargeCapture">true</preference>
            <preference preference-id="powerboardCheckoutButtonAfterpayChargeCapture">false</preference>
            <preference preference-id="powerboardCheckoutButtonAfterpayFraud">true</preference>
            <preference preference-id="powerboardCheckoutButtonAfterpayFraudServiceID">65a916774b6f18e57510497e</preference>
            <preference preference-id="powerboardCheckoutButtonAfterpayGatewayID">65a915cac6c8931eb8c3cadf</preference>
            <preference preference-id="powerboardCheckoutButtonZipMoneyChargeCapture">true</preference>
            <preference preference-id="powerboardCheckoutButtonZipMoneyFraud">true</preference>
            <preference preference-id="powerboardCheckoutButtonZipMoneyFraudServiceID">65df5d6c2d336b9c8f2d9e31</preference>
            <preference preference-id="powerboardCheckoutButtonZipMoneyGatewayID">65a915ffbb599fddd1c46dc4</preference>
            <preference preference-id="powerboardConnectionType">powerboardKey</preference>
            <preference preference-id="powerboardEnableSaveCard">false</preference>
            <preference preference-id="powerboardFraudServiceID">65a916774b6f18e57510497e</preference>
            <preference preference-id="powerboardFraudType">disabledFraud</preference>
            <preference preference-id="powerboardGatewayID">65a9149f17628ee5745ba406</preference>
            <preference preference-id="powerboardPrivateAPIKey">3d8e3078bba7426d10896dd4f20b4c2d2c5496dc</preference>
            <preference preference-id="powerboardPublicAPIKey">7dbe73201da9bea98fef73e44a73f8cbda42e508</preference>
            <preference preference-id="powerboardRawErrorMessaging">true</preference>
            <preference preference-id="powerboardSaveCardMethod">vaultToken</preference>
            <preference preference-id="powerboardWalletButtonsAfterpayFraud">true</preference>
            <preference preference-id="powerboardWalletButtonsAfterpayFraudServiceID">65a916774b6f18e57510497e</preference>
            <preference preference-id="powerboardWalletButtonsAfterpayGatewayID">65a915cac6c8931eb8c3cadf</preference>
            <preference preference-id="powerboardWalletButtonsApplePayChargeCapture">true</preference>
            <preference preference-id="powerboardWalletButtonsApplePayFraud">true</preference>
            <preference preference-id="powerboardWalletButtonsApplePayFraudServiceID">65a916774b6f18e57510497e</preference>
            <preference preference-id="powerboardWalletButtonsApplePayGatewayID">66264c9fc4d9c6e5898febbf</preference>
            <preference preference-id="powerboardWalletButtonsGooglePayFraud">true</preference>
            <preference preference-id="powerboardWalletButtonsGooglePayFraudServiceID">660c0c2e11abe2146cf8251c</preference>
            <preference preference-id="powerboardWalletButtonsGooglePayGatewayID">65a9149f17628ee5745ba406</preference>
            <preference preference-id="powerboardWalletButtonsPayPalChargeCapture">false</preference>
            <preference preference-id="powerboardWalletButtonsPayPalFraud">true</preference>
            <preference preference-id="powerboardWalletButtonsPayPalFraudServiceID">660c0c2e11abe2146cf8251c</preference>
            <preference preference-id="powerboardWalletButtonsPayPalGatewayID">65a9163c58be5cdf310fca6f</preference>
            <preference preference-id="powerboardWalletButtonsPayPalPayLater">false</preference>
            <preference preference-id="powerboardWidgetStyles">{
  "border_color": "rgb(0, 0, 0)",
  "text_color": "#000",
  "font_size": "16px"
}</preference>
            <preference preference-id="powerboardWidgetToken">eyJhbGciOiJIUzI1NiIsInR5cCI6IkpXVCJ9.eyJpZCI6IjY2MGVlZmU5ZGIyNmMwMWFmMjExZWVkOSIsIm1ldGEiOm51bGwsImlhdCI6MTcxMjI1NDk1M30.1i427JL1jX5m9x_I9FL21DVMPjGEMJOL-XVXK8dGFmI</preference>
        </development>
        <staging/>
        <production/>
    </custom-preferences>
</preferences>

