<?xml version="1.0" encoding="UTF-8"?>
<payment-settings xmlns="http://www.demandware.com/xml/impex/paymentsettings/2009-09-15">
    <payment-method method-id="PAYDOCK">
        <name xml:lang="x-default">Card | Paydock</name>
        <description xml:lang="x-default">Paydock card</description>
        <enabled-flag>true</enabled-flag>
        <processor-id>PAYDOCK</processor-id>
    </payment-method>

    <payment-method method-id="PAYDOCK_WALLET_BUTTONS_APPLE_PAY">
        <name xml:lang="x-default">ApplePay</name>
        <description xml:lang="x-default">Apple Pay</description>
        <enabled-flag>true</enabled-flag>
        <processor-id>PAYDOCK_WALLET_BUTTONS</processor-id>
    </payment-method>

    <payment-method method-id="PAYDOCK_WALLET_BUTTONS_GOOGLE_PAY">
        <name xml:lang="x-default">GooglePay</name>
        <description xml:lang="x-default">Google Pay</description>
        <enabled-flag>true</enabled-flag>
        <processor-id>PAYDOCK_WALLET_BUTTONS</processor-id>
    </payment-method>

    <payment-method method-id="PAYDOCK_WALLET_BUTTONS_PAYPAL">
        <name xml:lang="x-default">PayPal</name>
        <description xml:lang="x-default">PayPal</description>
        <enabled-flag>true</enabled-flag>
        <processor-id>PAYDOCK_WALLET_BUTTONS</processor-id>
    </payment-method>

    <payment-method method-id="PAYDOCK_WALLET_BUTTONS_AFTERPAY">
        <name xml:lang="x-default">Afterpay v2</name>
        <description xml:lang="x-default">Afterpay</description>
        <enabled-flag>true</enabled-flag>
        <processor-id>PAYDOCK_WALLET_BUTTONS</processor-id>
    </payment-method>

    <payment-method method-id="PAYDOCK_CHECKOUT_BUTTON_AFTERPAY">
        <name xml:lang="x-default">Afterpay v1</name>
        <description xml:lang="x-default">Afterpay APM</description>
        <enabled-flag>true</enabled-flag>
        <processor-id>PAYDOCK_CHECKOUT_BUTTON</processor-id>
    </payment-method>

    <payment-method method-id="PAYDOCK_CHECKOUT_BUTTON_ZIPMONEY">
        <name xml:lang="x-default">Zip </name>
        <description xml:lang="x-default">Zip APM</description>
        <enabled-flag>true</enabled-flag>
        <processor-id>PAYDOCK_CHECKOUT_BUTTON</processor-id>
    </payment-method>

</payment-settings>
