<?xml version="1.0" encoding="UTF-8"?>
<preferences xmlns="http://www.demandware.com/xml/impex/preferences/2007-03-31">
    <standard-preferences>
        <all-instances>
            <preference preference-id="AccountNumberRetentionDays">0</preference>
            <preference preference-id="AddProductToBasketBehavior">IncrementQuantities</preference>
            <preference preference-id="CouponGeneratorIncludeDashes">true</preference>
            <preference preference-id="CouponGeneratorIncludeVowels">true</preference>
            <preference preference-id="EnableSiteOrderNumbers">false</preference>
            <preference preference-id="IntegrationOrderCenterIncludeSite">true</preference>
            <preference preference-id="OrderEditExportDelay">30</preference>
            <preference preference-id="OrderExportDelay">30</preference>
            <preference preference-id="OrderIPLoggingEnabled">true</preference>
            <preference preference-id="OrderLifetime">0</preference>
            <preference preference-id="SiteCatalog">storefront-catalog-m-en</preference>
            <preference preference-id="SiteCurrencies">USD:EUR:JPY:CNY</preference>
            <preference preference-id="SiteCustomerList">RefArch</preference>
            <preference preference-id="SiteDefaultLocale">en_US</preference>
            <preference preference-id="SiteInventoryList">inventory_m</preference>
            <preference preference-id="SiteLibrary">RefArchSharedLibrary</preference>
            <preference preference-id="SiteLocales">default:en_US</preference>
            <preference preference-id="SitePriceBooks">cny-m-list-prices:cny-m-sale-prices:eur-m-list-prices:eur-m-sale-prices:jpy-m-list-prices:jpy-m-sale-prices:usd-m-list-prices:usd-m-sale-prices</preference>
            <preference preference-id="SiteTimezone">Etc/UTC</preference>
            <preference preference-id="StorefrontURLsEnabled">true</preference>
        </all-instances>
        <development>
            <preference preference-id="AvailabilityFiltering">Disabled</preference>
            <preference preference-id="AvailabilityLowRankingThreshold">0.0</preference>
            <preference preference-id="ExternallyPublishProductIndex">false</preference>
            <preference preference-id="IncludePromotionIDInProductIndex">true</preference>
            <preference preference-id="MergedVariationGroupsDisplayMode">false</preference>
            <preference preference-id="RobotsTxtContent"/>
            <preference preference-id="RobotsTxtMode">Cartridge</preference>
            <preference preference-id="SearchSuggestions">Disabled</preference>
        </development>
        <staging>
            <preference preference-id="AvailabilityFiltering">Disabled</preference>
            <preference preference-id="AvailabilityLowRankingThreshold">0.0</preference>
            <preference preference-id="ExternallyPublishProductIndex">false</preference>
            <preference preference-id="IncludePromotionIDInProductIndex">true</preference>
            <preference preference-id="MergedVariationGroupsDisplayMode">false</preference>
            <preference preference-id="RobotsTxtContent"/>
            <preference preference-id="RobotsTxtMode">Cartridge</preference>
            <preference preference-id="SearchSuggestions">Enabled</preference>
        </staging>
        <production>
            <preference preference-id="AvailabilityFiltering">Disabled</preference>
            <preference preference-id="AvailabilityLowRankingThreshold">0.0</preference>
            <preference preference-id="ExternallyPublishProductIndex">false</preference>
            <preference preference-id="IncludePromotionIDInProductIndex">true</preference>
            <preference preference-id="MergedVariationGroupsDisplayMode">false</preference>
            <preference preference-id="RobotsTxtContent"/>
            <preference preference-id="RobotsTxtMode">Cartridge</preference>
            <preference preference-id="SearchSuggestions">Disabled</preference>
        </production>
    </standard-preferences>
    <custom-preferences>
        <all-instances/>
        <development>
            <preference preference-id="paydock3DSFlow">vault</preference>
            <preference preference-id="paydock3DSServiceID">65a916b91eeee71eb9f566fe</preference>
            <preference preference-id="paydock3DSType">disabled3DS</preference>
            <preference preference-id="paydockAPIToken">eyJhbGciOiJIUzI1NiIsInR5cCI6IkpXVCJ9.eyJpZCI6IjY2MGVlZGQzNWU3YTE3MmNhOWRjMjI3OCIsIm1ldGEiOm51bGwsImlhdCI6MTcxMjI1NDQxOX0.gdomO7UmH4XMYzi9RbtFg5bDcMQUtC3d2SUtf1alwaA</preference>
            <preference preference-id="paydockBMChargeOperationsAll">false</preference>
            <preference preference-id="paydockChargeCapture">true</preference>
            <preference preference-id="paydockCheckoutButtonAfterpayChargeCapture">false</preference>
            <preference preference-id="paydockCheckoutButtonAfterpayFraud">true</preference>
            <preference preference-id="paydockCheckoutButtonAfterpayFraudServiceID">65a916774b6f18e57510497e</preference>
            <preference preference-id="paydockCheckoutButtonAfterpayGatewayID">65a915cac6c8931eb8c3cadf</preference>
            <preference preference-id="paydockCheckoutButtonZipMoneyChargeCapture">true</preference>
            <preference preference-id="paydockCheckoutButtonZipMoneyFraud">true</preference>
            <preference preference-id="paydockCheckoutButtonZipMoneyFraudServiceID">65df5d6c2d336b9c8f2d9e31</preference>
            <preference preference-id="paydockCheckoutButtonZipMoneyGatewayID">65a915ffbb599fddd1c46dc4</preference>
            <preference preference-id="paydockConnectionType">paydockKey</preference>
            <preference preference-id="paydockEnableSaveCard">false</preference>
            <preference preference-id="paydockFraudServiceID">65a916774b6f18e57510497e</preference>
            <preference preference-id="paydockFraudType">disabledFraud</preference>
            <preference preference-id="paydockGatewayID">65a9149f17628ee5745ba406</preference>
            <preference preference-id="paydockPrivateAPIKey">3d8e3078bba7426d10896dd4f20b4c2d2c5496dc</preference>
            <preference preference-id="paydockPublicAPIKey">7dbe73201da9bea98fef73e44a73f8cbda42e508</preference>
            <preference preference-id="paydockRawErrorMessaging">true</preference>
            <preference preference-id="paydockSaveCardMethod">vaultToken</preference>
            <preference preference-id="paydockWalletButtonsAfterpayFraud">true</preference>
            <preference preference-id="paydockWalletButtonsAfterpayFraudServiceID">65a916774b6f18e57510497e</preference>
            <preference preference-id="paydockWalletButtonsAfterpayGatewayID">65a915cac6c8931eb8c3cadf</preference>
            <preference preference-id="paydockWalletButtonsApplePayChargeCapture">true</preference>
            <preference preference-id="paydockWalletButtonsApplePayFraud">true</preference>
            <preference preference-id="paydockWalletButtonsApplePayFraudServiceID">65a916774b6f18e57510497e</preference>
            <preference preference-id="paydockWalletButtonsApplePayGatewayID">66264c9fc4d9c6e5898febbf</preference>
            <preference preference-id="paydockWalletButtonsGooglePayFraud">true</preference>
            <preference preference-id="paydockWalletButtonsGooglePayFraudServiceID">660c0c2e11abe2146cf8251c</preference>
            <preference preference-id="paydockWalletButtonsGooglePayGatewayID">65a9149f17628ee5745ba406</preference>
            <preference preference-id="paydockWalletButtonsPayPalChargeCapture">false</preference>
            <preference preference-id="paydockWalletButtonsPayPalFraud">true</preference>
            <preference preference-id="paydockWalletButtonsPayPalFraudServiceID">660c0c2e11abe2146cf8251c</preference>
            <preference preference-id="paydockWalletButtonsPayPalGatewayID">65a9163c58be5cdf310fca6f</preference>
            <preference preference-id="paydockWalletButtonsPayPalPayLater">false</preference>
            <preference preference-id="paydockWidgetStyles">{
  "border_color": "rgb(0, 0, 0)",
  "text_color": "#000",
  "font_size": "16px"
}</preference>
            <preference preference-id="paydockWidgetToken">eyJhbGciOiJIUzI1NiIsInR5cCI6IkpXVCJ9.eyJpZCI6IjY2MGVlZmU5ZGIyNmMwMWFmMjExZWVkOSIsIm1ldGEiOm51bGwsImlhdCI6MTcxMjI1NDk1M30.1i427JL1jX5m9x_I9FL21DVMPjGEMJOL-XVXK8dGFmI</preference>
        </development>
        <staging/>
        <production/>
    </custom-preferences>
</preferences>

